,out_tx,in_tx,out_value,in_value,unique_receivers,unique_senders
16113072,0.0,0.0,0.0,0.0,0.0,0.0
16113071,0.0,0.0,0.0,0.0,0.0,0.0
16113070,0.0,0.0,0.0,0.0,0.0,0.0
16113069,0.0,0.0,0.0,0.0,0.0,0.0
16113068,0.0,0.0,0.0,0.0,0.0,0.0
16113067,0.0,0.0,0.0,0.0,0.0,0.0
16113066,0.0,0.0,0.0,0.0,0.0,0.0
16113065,0.0,0.0,0.0,0.0,0.0,0.0
16113064,0.0,0.0,0.0,0.0,0.0,0.0
16113063,0.0,0.0,0.0,0.0,0.0,0.0
16113062,0.0,0.0,0.0,0.0,0.0,0.0
16113061,0.0,0.0,0.0,0.0,0.0,0.0
16113060,0.0,0.0,0.0,0.0,0.0,0.0
16113059,0.0,0.0,0.0,0.0,0.0,0.0
16113058,0.0,0.0,0.0,0.0,0.0,0.0
16113057,0.0,0.0,0.0,0.0,0.0,0.0
16113056,0.0,0.0,0.0,0.0,0.0,0.0
16113055,0.0,0.0,0.0,0.0,0.0,0.0
16113054,0.0,0.0,0.0,0.0,0.0,0.0
16113053,0.0,0.0,0.0,0.0,0.0,0.0
16113052,0.0,0.0,0.0,0.0,0.0,0.0
16113051,0.0,0.0,0.0,0.0,0.0,0.0
16113050,0.0,0.0,0.0,0.0,0.0,0.0
16113049,0.0,0.0,0.0,0.0,0.0,0.0
16113048,0.0,0.0,0.0,0.0,0.0,0.0
16113047,0.0,0.0,0.0,0.0,0.0,0.0
16113046,0.0,0.0,0.0,0.0,0.0,0.0
16113045,0.0,0.0,0.0,0.0,0.0,0.0
16113044,0.0,0.0,0.0,0.0,0.0,0.0
16113043,0.0,0.0,0.0,0.0,0.0,0.0
16113042,0.0,0.0,0.0,0.0,0.0,0.0
16113041,0.0,0.0,0.0,0.0,0.0,0.0
16113040,0.0,0.0,0.0,0.0,0.0,0.0
16113039,0.0,0.0,0.0,0.0,0.0,0.0
16113038,0.0,0.0,0.0,0.0,0.0,0.0
16113037,0.0,0.0,0.0,0.0,0.0,0.0
16113036,0.0,0.0,0.0,0.0,0.0,0.0
16113035,0.0,0.0,0.0,0.0,0.0,0.0
16113034,0.0,0.0,0.0,0.0,0.0,0.0
16113033,0.0,0.0,0.0,0.0,0.0,0.0
16113032,0.0,0.0,0.0,0.0,0.0,0.0
16113031,0.0,0.0,0.0,0.0,0.0,0.0
16113030,0.0,0.0,0.0,0.0,0.0,0.0
16113029,0.0,0.0,0.0,0.0,0.0,0.0
16113028,0.0,0.0,0.0,0.0,0.0,0.0
16113027,0.0,0.0,0.0,0.0,0.0,0.0
16113026,0.0,0.0,0.0,0.0,0.0,0.0
16113025,0.0,0.0,0.0,0.0,0.0,0.0
16113024,0.0,0.0,0.0,0.0,0.0,0.0
16113023,0.0,0.0,0.0,0.0,0.0,0.0
16113022,0.0,0.0,0.0,0.0,0.0,0.0
16113021,0.0,0.0,0.0,0.0,0.0,0.0
16113020,0.0,0.0,0.0,0.0,0.0,0.0
16113019,0.0,0.0,0.0,0.0,0.0,0.0
16113018,0.0,0.0,0.0,0.0,0.0,0.0
16113017,0.0,0.0,0.0,0.0,0.0,0.0
16113016,0.0,0.0,0.0,0.0,0.0,0.0
16113015,0.0,0.0,0.0,0.0,0.0,0.0
16113014,0.0,0.0,0.0,0.0,0.0,0.0
16113013,0.0,0.0,0.0,0.0,0.0,0.0
16113012,0.0,0.0,0.0,0.0,0.0,0.0
16113011,0.0,0.0,0.0,0.0,0.0,0.0
16113010,0.0,0.0,0.0,0.0,0.0,0.0
16113009,0.0,0.0,0.0,0.0,0.0,0.0
16113008,0.0,0.0,0.0,0.0,0.0,0.0
16113007,0.0,0.0,0.0,0.0,0.0,0.0
16113006,0.0,0.0,0.0,0.0,0.0,0.0
16113005,0.0,0.0,0.0,0.0,0.0,0.0
16113004,0.0,0.0,0.0,0.0,0.0,0.0
16113003,0.0,0.0,0.0,0.0,0.0,0.0
16113002,0.0,0.0,0.0,0.0,0.0,0.0
16113001,0.0,0.0,0.0,0.0,0.0,0.0
16113000,0.0,0.0,0.0,0.0,0.0,0.0
16112999,0.0,0.0,0.0,0.0,0.0,0.0
16112998,0.0,0.0,0.0,0.0,0.0,0.0
16112997,0.0,0.0,0.0,0.0,0.0,0.0
16112996,0.0,0.0,0.0,0.0,0.0,0.0
16112995,0.0,0.0,0.0,0.0,0.0,0.0
16112994,0.0,0.0,0.0,0.0,0.0,0.0
16112993,0.0,0.0,0.0,0.0,0.0,0.0
16112992,0.0,0.0,0.0,0.0,0.0,0.0
16112991,0.0,0.0,0.0,0.0,0.0,0.0
16112990,0.0,1.0,0.0,5.49232e+17,0.0,1.0
16112989,0.0,0.0,0.0,0.0,0.0,0.0
16112988,0.0,0.0,0.0,0.0,0.0,0.0
16112987,0.0,0.0,0.0,0.0,0.0,0.0
16112986,0.0,0.0,0.0,0.0,0.0,0.0
16112985,0.0,0.0,0.0,0.0,0.0,0.0
16112984,0.0,0.0,0.0,0.0,0.0,0.0
16112983,0.0,0.0,0.0,0.0,0.0,0.0
16112982,0.0,0.0,0.0,0.0,0.0,0.0
16112981,0.0,0.0,0.0,0.0,0.0,0.0
16112980,0.0,0.0,0.0,0.0,0.0,0.0
16112979,0.0,0.0,0.0,0.0,0.0,0.0
16112978,0.0,0.0,0.0,0.0,0.0,0.0
16112977,0.0,0.0,0.0,0.0,0.0,0.0
16112976,0.0,0.0,0.0,0.0,0.0,0.0
16112975,0.0,0.0,0.0,0.0,0.0,0.0
16112974,0.0,0.0,0.0,0.0,0.0,0.0
16112973,0.0,0.0,0.0,0.0,0.0,0.0
16112972,0.0,0.0,0.0,0.0,0.0,0.0
16112971,0.0,0.0,0.0,0.0,0.0,0.0
16112970,0.0,0.0,0.0,0.0,0.0,0.0
16112969,0.0,0.0,0.0,0.0,0.0,0.0
16112968,0.0,0.0,0.0,0.0,0.0,0.0
16112967,0.0,0.0,0.0,0.0,0.0,0.0
16112966,0.0,0.0,0.0,0.0,0.0,0.0
16112965,0.0,0.0,0.0,0.0,0.0,0.0
16112964,0.0,0.0,0.0,0.0,0.0,0.0
16112963,0.0,0.0,0.0,0.0,0.0,0.0
16112962,0.0,0.0,0.0,0.0,0.0,0.0
16112961,0.0,0.0,0.0,0.0,0.0,0.0
16112960,0.0,0.0,0.0,0.0,0.0,0.0
16112959,0.0,0.0,0.0,0.0,0.0,0.0
16112958,0.0,0.0,0.0,0.0,0.0,0.0
16112957,0.0,0.0,0.0,0.0,0.0,0.0
16112956,0.0,0.0,0.0,0.0,0.0,0.0
16112955,0.0,0.0,0.0,0.0,0.0,0.0
16112954,0.0,0.0,0.0,0.0,0.0,0.0
16112953,0.0,0.0,0.0,0.0,0.0,0.0
16112952,0.0,0.0,0.0,0.0,0.0,0.0
16112951,0.0,0.0,0.0,0.0,0.0,0.0
16112950,0.0,0.0,0.0,0.0,0.0,0.0
16112949,0.0,0.0,0.0,0.0,0.0,0.0
16112948,0.0,0.0,0.0,0.0,0.0,0.0
16112947,0.0,0.0,0.0,0.0,0.0,0.0
16112946,0.0,0.0,0.0,0.0,0.0,0.0
16112945,0.0,0.0,0.0,0.0,0.0,0.0
16112944,0.0,0.0,0.0,0.0,0.0,0.0
16112943,0.0,0.0,0.0,0.0,0.0,0.0
16112942,0.0,0.0,0.0,0.0,0.0,0.0
16112941,0.0,0.0,0.0,0.0,0.0,0.0
16112940,0.0,0.0,0.0,0.0,0.0,0.0
16112939,0.0,0.0,0.0,0.0,0.0,0.0
16112938,0.0,0.0,0.0,0.0,0.0,0.0
16112937,0.0,0.0,0.0,0.0,0.0,0.0
16112936,0.0,0.0,0.0,0.0,0.0,0.0
16112935,0.0,0.0,0.0,0.0,0.0,0.0
16112934,0.0,0.0,0.0,0.0,0.0,0.0
16112933,0.0,0.0,0.0,0.0,0.0,0.0
16112932,0.0,0.0,0.0,0.0,0.0,0.0
16112931,0.0,0.0,0.0,0.0,0.0,0.0
16112930,0.0,0.0,0.0,0.0,0.0,0.0
16112929,0.0,0.0,0.0,0.0,0.0,0.0
16112928,0.0,0.0,0.0,0.0,0.0,0.0
16112927,0.0,0.0,0.0,0.0,0.0,0.0
16112926,0.0,0.0,0.0,0.0,0.0,0.0
16112925,0.0,0.0,0.0,0.0,0.0,0.0
16112924,0.0,0.0,0.0,0.0,0.0,0.0
16112923,0.0,0.0,0.0,0.0,0.0,0.0
16112922,0.0,0.0,0.0,0.0,0.0,0.0
16112921,0.0,0.0,0.0,0.0,0.0,0.0
16112920,0.0,0.0,0.0,0.0,0.0,0.0
16112919,0.0,0.0,0.0,0.0,0.0,0.0
16112918,0.0,0.0,0.0,0.0,0.0,0.0
16112917,0.0,0.0,0.0,0.0,0.0,0.0
16112916,0.0,0.0,0.0,0.0,0.0,0.0
16112915,0.0,0.0,0.0,0.0,0.0,0.0
16112914,0.0,0.0,0.0,0.0,0.0,0.0
16112913,0.0,0.0,0.0,0.0,0.0,0.0
16112912,0.0,0.0,0.0,0.0,0.0,0.0
16112911,0.0,0.0,0.0,0.0,0.0,0.0
16112910,0.0,0.0,0.0,0.0,0.0,0.0
16112909,0.0,0.0,0.0,0.0,0.0,0.0
16112908,0.0,0.0,0.0,0.0,0.0,0.0
16112907,0.0,0.0,0.0,0.0,0.0,0.0
16112906,0.0,0.0,0.0,0.0,0.0,0.0
16112905,0.0,0.0,0.0,0.0,0.0,0.0
16112904,0.0,0.0,0.0,0.0,0.0,0.0
16112903,0.0,0.0,0.0,0.0,0.0,0.0
16112902,0.0,0.0,0.0,0.0,0.0,0.0
16112901,0.0,0.0,0.0,0.0,0.0,0.0
16112900,0.0,0.0,0.0,0.0,0.0,0.0
16112899,0.0,0.0,0.0,0.0,0.0,0.0
16112898,0.0,0.0,0.0,0.0,0.0,0.0
16112897,0.0,0.0,0.0,0.0,0.0,0.0
16112896,0.0,0.0,0.0,0.0,0.0,0.0
16112895,0.0,0.0,0.0,0.0,0.0,0.0
16112894,0.0,0.0,0.0,0.0,0.0,0.0
16112893,0.0,0.0,0.0,0.0,0.0,0.0
16112892,0.0,0.0,0.0,0.0,0.0,0.0
16112891,0.0,0.0,0.0,0.0,0.0,0.0
16112890,0.0,0.0,0.0,0.0,0.0,0.0
16112889,0.0,0.0,0.0,0.0,0.0,0.0
16112888,0.0,0.0,0.0,0.0,0.0,0.0
16112887,0.0,0.0,0.0,0.0,0.0,0.0
16112886,0.0,0.0,0.0,0.0,0.0,0.0
16112885,0.0,0.0,0.0,0.0,0.0,0.0
16112884,0.0,0.0,0.0,0.0,0.0,0.0
16112883,0.0,0.0,0.0,0.0,0.0,0.0
16112882,0.0,0.0,0.0,0.0,0.0,0.0
16112881,0.0,0.0,0.0,0.0,0.0,0.0
16112880,0.0,0.0,0.0,0.0,0.0,0.0
16112879,0.0,0.0,0.0,0.0,0.0,0.0
16112878,0.0,0.0,0.0,0.0,0.0,0.0
16112877,0.0,0.0,0.0,0.0,0.0,0.0
16112876,0.0,0.0,0.0,0.0,0.0,0.0
16112875,0.0,0.0,0.0,0.0,0.0,0.0
16112874,0.0,0.0,0.0,0.0,0.0,0.0
16112873,0.0,0.0,0.0,0.0,0.0,0.0
16112872,0.0,0.0,0.0,0.0,0.0,0.0
16112871,0.0,0.0,0.0,0.0,0.0,0.0
16112870,0.0,0.0,0.0,0.0,0.0,0.0
16112869,0.0,0.0,0.0,0.0,0.0,0.0
16112868,0.0,0.0,0.0,0.0,0.0,0.0
16112867,0.0,0.0,0.0,0.0,0.0,0.0
16112866,0.0,0.0,0.0,0.0,0.0,0.0
16112865,0.0,0.0,0.0,0.0,0.0,0.0
16112864,0.0,0.0,0.0,0.0,0.0,0.0
16112863,0.0,0.0,0.0,0.0,0.0,0.0
16112862,0.0,0.0,0.0,0.0,0.0,0.0
16112861,0.0,0.0,0.0,0.0,0.0,0.0
16112860,0.0,0.0,0.0,0.0,0.0,0.0
16112859,0.0,0.0,0.0,0.0,0.0,0.0
16112858,0.0,0.0,0.0,0.0,0.0,0.0
16112857,0.0,0.0,0.0,0.0,0.0,0.0
16112856,0.0,0.0,0.0,0.0,0.0,0.0
16112855,0.0,0.0,0.0,0.0,0.0,0.0
16112854,0.0,0.0,0.0,0.0,0.0,0.0
16112853,0.0,0.0,0.0,0.0,0.0,0.0
16112852,0.0,0.0,0.0,0.0,0.0,0.0
16112851,0.0,0.0,0.0,0.0,0.0,0.0
16112850,0.0,0.0,0.0,0.0,0.0,0.0
16112849,0.0,0.0,0.0,0.0,0.0,0.0
16112848,0.0,0.0,0.0,0.0,0.0,0.0
16112847,0.0,0.0,0.0,0.0,0.0,0.0
16112846,0.0,0.0,0.0,0.0,0.0,0.0
16112845,0.0,0.0,0.0,0.0,0.0,0.0
16112844,0.0,0.0,0.0,0.0,0.0,0.0
16112843,0.0,0.0,0.0,0.0,0.0,0.0
16112842,0.0,0.0,0.0,0.0,0.0,0.0
16112841,0.0,0.0,0.0,0.0,0.0,0.0
16112840,0.0,0.0,0.0,0.0,0.0,0.0
16112839,0.0,0.0,0.0,0.0,0.0,0.0
16112838,0.0,0.0,0.0,0.0,0.0,0.0
16112837,0.0,0.0,0.0,0.0,0.0,0.0
16112836,0.0,0.0,0.0,0.0,0.0,0.0
16112835,0.0,0.0,0.0,0.0,0.0,0.0
16112834,0.0,0.0,0.0,0.0,0.0,0.0
16112833,0.0,0.0,0.0,0.0,0.0,0.0
16112832,0.0,0.0,0.0,0.0,0.0,0.0
16112831,0.0,0.0,0.0,0.0,0.0,0.0
16112830,0.0,0.0,0.0,0.0,0.0,0.0
16112829,0.0,0.0,0.0,0.0,0.0,0.0
16112828,0.0,0.0,0.0,0.0,0.0,0.0
16112827,0.0,0.0,0.0,0.0,0.0,0.0
16112826,0.0,0.0,0.0,0.0,0.0,0.0
16112825,0.0,0.0,0.0,0.0,0.0,0.0
16112824,0.0,0.0,0.0,0.0,0.0,0.0
16112823,0.0,0.0,0.0,0.0,0.0,0.0
16112822,0.0,0.0,0.0,0.0,0.0,0.0
16112821,0.0,0.0,0.0,0.0,0.0,0.0
16112820,0.0,0.0,0.0,0.0,0.0,0.0
16112819,0.0,0.0,0.0,0.0,0.0,0.0
16112818,0.0,0.0,0.0,0.0,0.0,0.0
16112817,0.0,0.0,0.0,0.0,0.0,0.0
16112816,0.0,0.0,0.0,0.0,0.0,0.0
16112815,0.0,0.0,0.0,0.0,0.0,0.0
16112814,0.0,0.0,0.0,0.0,0.0,0.0
16112813,0.0,0.0,0.0,0.0,0.0,0.0
16112812,0.0,0.0,0.0,0.0,0.0,0.0
16112811,0.0,0.0,0.0,0.0,0.0,0.0
16112810,0.0,0.0,0.0,0.0,0.0,0.0
16112809,0.0,0.0,0.0,0.0,0.0,0.0
16112808,0.0,0.0,0.0,0.0,0.0,0.0
16112807,0.0,0.0,0.0,0.0,0.0,0.0
16112806,0.0,0.0,0.0,0.0,0.0,0.0
16112805,0.0,0.0,0.0,0.0,0.0,0.0
16112804,0.0,0.0,0.0,0.0,0.0,0.0
16112803,0.0,0.0,0.0,0.0,0.0,0.0
16112802,0.0,0.0,0.0,0.0,0.0,0.0
16112801,0.0,0.0,0.0,0.0,0.0,0.0
16112800,0.0,0.0,0.0,0.0,0.0,0.0
16112799,0.0,0.0,0.0,0.0,0.0,0.0
16112798,0.0,0.0,0.0,0.0,0.0,0.0
16112797,0.0,0.0,0.0,0.0,0.0,0.0
16112796,0.0,0.0,0.0,0.0,0.0,0.0
16112795,0.0,0.0,0.0,0.0,0.0,0.0
16112794,0.0,0.0,0.0,0.0,0.0,0.0
16112793,0.0,0.0,0.0,0.0,0.0,0.0
16112792,0.0,0.0,0.0,0.0,0.0,0.0
16112791,0.0,0.0,0.0,0.0,0.0,0.0
16112790,0.0,0.0,0.0,0.0,0.0,0.0
16112789,0.0,0.0,0.0,0.0,0.0,0.0
16112788,0.0,0.0,0.0,0.0,0.0,0.0
16112787,0.0,0.0,0.0,0.0,0.0,0.0
16112786,0.0,0.0,0.0,0.0,0.0,0.0
16112785,0.0,0.0,0.0,0.0,0.0,0.0
16112784,0.0,0.0,0.0,0.0,0.0,0.0
16112783,0.0,0.0,0.0,0.0,0.0,0.0
16112782,0.0,0.0,0.0,0.0,0.0,0.0
16112781,0.0,0.0,0.0,0.0,0.0,0.0
16112780,0.0,0.0,0.0,0.0,0.0,0.0
16112779,0.0,0.0,0.0,0.0,0.0,0.0
16112778,0.0,0.0,0.0,0.0,0.0,0.0
16112777,0.0,0.0,0.0,0.0,0.0,0.0
16112776,0.0,0.0,0.0,0.0,0.0,0.0
16112775,0.0,0.0,0.0,0.0,0.0,0.0
16112774,0.0,0.0,0.0,0.0,0.0,0.0
16112773,0.0,0.0,0.0,0.0,0.0,0.0
16112772,0.0,0.0,0.0,0.0,0.0,0.0
16112771,0.0,0.0,0.0,0.0,0.0,0.0
16112770,0.0,0.0,0.0,0.0,0.0,0.0
16112769,0.0,0.0,0.0,0.0,0.0,0.0
16112768,0.0,0.0,0.0,0.0,0.0,0.0
16112767,0.0,0.0,0.0,0.0,0.0,0.0
16112766,0.0,0.0,0.0,0.0,0.0,0.0
16112765,0.0,0.0,0.0,0.0,0.0,0.0
16112764,0.0,0.0,0.0,0.0,0.0,0.0
16112763,0.0,0.0,0.0,0.0,0.0,0.0
16112762,0.0,0.0,0.0,0.0,0.0,0.0
16112761,0.0,0.0,0.0,0.0,0.0,0.0
16112760,0.0,0.0,0.0,0.0,0.0,0.0
16112759,0.0,0.0,0.0,0.0,0.0,0.0
16112758,0.0,0.0,0.0,0.0,0.0,0.0
16112757,0.0,0.0,0.0,0.0,0.0,0.0
16112756,0.0,0.0,0.0,0.0,0.0,0.0
16112755,0.0,0.0,0.0,0.0,0.0,0.0
16112754,0.0,0.0,0.0,0.0,0.0,0.0
16112753,0.0,0.0,0.0,0.0,0.0,0.0
16112752,0.0,0.0,0.0,0.0,0.0,0.0
16112751,0.0,0.0,0.0,0.0,0.0,0.0
16112750,0.0,0.0,0.0,0.0,0.0,0.0
16112749,0.0,0.0,0.0,0.0,0.0,0.0
16112748,0.0,0.0,0.0,0.0,0.0,0.0
16112747,0.0,0.0,0.0,0.0,0.0,0.0
16112746,0.0,0.0,0.0,0.0,0.0,0.0
16112745,0.0,0.0,0.0,0.0,0.0,0.0
16112744,0.0,0.0,0.0,0.0,0.0,0.0
16112743,0.0,0.0,0.0,0.0,0.0,0.0
16112742,0.0,0.0,0.0,0.0,0.0,0.0
16112741,0.0,0.0,0.0,0.0,0.0,0.0
16112740,0.0,0.0,0.0,0.0,0.0,0.0
16112739,0.0,0.0,0.0,0.0,0.0,0.0
16112738,0.0,0.0,0.0,0.0,0.0,0.0
16112737,0.0,0.0,0.0,0.0,0.0,0.0
16112736,0.0,0.0,0.0,0.0,0.0,0.0
16112735,0.0,0.0,0.0,0.0,0.0,0.0
16112734,0.0,0.0,0.0,0.0,0.0,0.0
16112733,0.0,0.0,0.0,0.0,0.0,0.0
16112732,0.0,0.0,0.0,0.0,0.0,0.0
16112731,0.0,0.0,0.0,0.0,0.0,0.0
16112730,0.0,0.0,0.0,0.0,0.0,0.0
16112729,0.0,0.0,0.0,0.0,0.0,0.0
16112728,0.0,0.0,0.0,0.0,0.0,0.0
16112727,0.0,0.0,0.0,0.0,0.0,0.0
16112726,0.0,0.0,0.0,0.0,0.0,0.0
16112725,0.0,0.0,0.0,0.0,0.0,0.0
16112724,0.0,0.0,0.0,0.0,0.0,0.0
16112723,0.0,0.0,0.0,0.0,0.0,0.0
16112722,0.0,0.0,0.0,0.0,0.0,0.0
16112721,0.0,0.0,0.0,0.0,0.0,0.0
16112720,0.0,0.0,0.0,0.0,0.0,0.0
16112719,0.0,0.0,0.0,0.0,0.0,0.0
16112718,0.0,0.0,0.0,0.0,0.0,0.0
16112717,0.0,0.0,0.0,0.0,0.0,0.0
16112716,0.0,0.0,0.0,0.0,0.0,0.0
16112715,0.0,0.0,0.0,0.0,0.0,0.0
16112714,0.0,0.0,0.0,0.0,0.0,0.0
16112713,0.0,0.0,0.0,0.0,0.0,0.0
16112712,0.0,0.0,0.0,0.0,0.0,0.0
16112711,0.0,0.0,0.0,0.0,0.0,0.0
16112710,0.0,0.0,0.0,0.0,0.0,0.0
16112709,0.0,0.0,0.0,0.0,0.0,0.0
16112708,0.0,0.0,0.0,0.0,0.0,0.0
16112707,0.0,0.0,0.0,0.0,0.0,0.0
16112706,0.0,0.0,0.0,0.0,0.0,0.0
16112705,0.0,0.0,0.0,0.0,0.0,0.0
16112704,0.0,0.0,0.0,0.0,0.0,0.0
16112703,0.0,0.0,0.0,0.0,0.0,0.0
16112702,0.0,0.0,0.0,0.0,0.0,0.0
16112701,0.0,0.0,0.0,0.0,0.0,0.0
16112700,0.0,0.0,0.0,0.0,0.0,0.0
16112699,0.0,0.0,0.0,0.0,0.0,0.0
16112698,0.0,0.0,0.0,0.0,0.0,0.0
16112697,0.0,0.0,0.0,0.0,0.0,0.0
16112696,0.0,0.0,0.0,0.0,0.0,0.0
16112695,0.0,0.0,0.0,0.0,0.0,0.0
16112694,0.0,0.0,0.0,0.0,0.0,0.0
16112693,0.0,0.0,0.0,0.0,0.0,0.0
16112692,0.0,0.0,0.0,0.0,0.0,0.0
16112691,0.0,0.0,0.0,0.0,0.0,0.0
16112690,0.0,0.0,0.0,0.0,0.0,0.0
16112689,0.0,0.0,0.0,0.0,0.0,0.0
16112688,0.0,0.0,0.0,0.0,0.0,0.0
16112687,0.0,0.0,0.0,0.0,0.0,0.0
16112686,0.0,0.0,0.0,0.0,0.0,0.0
16112685,0.0,0.0,0.0,0.0,0.0,0.0
16112684,0.0,0.0,0.0,0.0,0.0,0.0
16112683,0.0,0.0,0.0,0.0,0.0,0.0
16112682,0.0,0.0,0.0,0.0,0.0,0.0
16112681,0.0,0.0,0.0,0.0,0.0,0.0
16112680,0.0,0.0,0.0,0.0,0.0,0.0
16112679,0.0,0.0,0.0,0.0,0.0,0.0
16112678,0.0,0.0,0.0,0.0,0.0,0.0
16112677,0.0,0.0,0.0,0.0,0.0,0.0
16112676,0.0,0.0,0.0,0.0,0.0,0.0
16112675,0.0,0.0,0.0,0.0,0.0,0.0
16112674,0.0,0.0,0.0,0.0,0.0,0.0
16112673,0.0,0.0,0.0,0.0,0.0,0.0
16112672,0.0,0.0,0.0,0.0,0.0,0.0
16112671,0.0,0.0,0.0,0.0,0.0,0.0
16112670,0.0,0.0,0.0,0.0,0.0,0.0
16112669,0.0,0.0,0.0,0.0,0.0,0.0
16112668,0.0,0.0,0.0,0.0,0.0,0.0
16112667,0.0,0.0,0.0,0.0,0.0,0.0
16112666,0.0,0.0,0.0,0.0,0.0,0.0
16112665,0.0,0.0,0.0,0.0,0.0,0.0
16112664,0.0,0.0,0.0,0.0,0.0,0.0
16112663,0.0,0.0,0.0,0.0,0.0,0.0
16112662,0.0,0.0,0.0,0.0,0.0,0.0
16112661,0.0,0.0,0.0,0.0,0.0,0.0
16112660,0.0,0.0,0.0,0.0,0.0,0.0
16112659,0.0,0.0,0.0,0.0,0.0,0.0
16112658,0.0,0.0,0.0,0.0,0.0,0.0
16112657,0.0,0.0,0.0,0.0,0.0,0.0
16112656,0.0,0.0,0.0,0.0,0.0,0.0
16112655,0.0,0.0,0.0,0.0,0.0,0.0
16112654,0.0,0.0,0.0,0.0,0.0,0.0
16112653,0.0,0.0,0.0,0.0,0.0,0.0
16112652,0.0,0.0,0.0,0.0,0.0,0.0
16112651,0.0,0.0,0.0,0.0,0.0,0.0
16112650,0.0,0.0,0.0,0.0,0.0,0.0
16112649,0.0,0.0,0.0,0.0,0.0,0.0
16112648,0.0,0.0,0.0,0.0,0.0,0.0
16112647,0.0,0.0,0.0,0.0,0.0,0.0
16112646,0.0,0.0,0.0,0.0,0.0,0.0
16112645,0.0,0.0,0.0,0.0,0.0,0.0
16112644,0.0,0.0,0.0,0.0,0.0,0.0
16112643,0.0,0.0,0.0,0.0,0.0,0.0
16112642,0.0,0.0,0.0,0.0,0.0,0.0
16112641,0.0,0.0,0.0,0.0,0.0,0.0
16112640,0.0,0.0,0.0,0.0,0.0,0.0
16112639,0.0,0.0,0.0,0.0,0.0,0.0
16112638,0.0,0.0,0.0,0.0,0.0,0.0
16112637,0.0,0.0,0.0,0.0,0.0,0.0
16112636,0.0,0.0,0.0,0.0,0.0,0.0
16112635,0.0,0.0,0.0,0.0,0.0,0.0
16112634,0.0,0.0,0.0,0.0,0.0,0.0
16112633,0.0,0.0,0.0,0.0,0.0,0.0
16112632,0.0,0.0,0.0,0.0,0.0,0.0
16112631,0.0,0.0,0.0,0.0,0.0,0.0
16112630,0.0,0.0,0.0,0.0,0.0,0.0
16112629,0.0,0.0,0.0,0.0,0.0,0.0
16112628,0.0,0.0,0.0,0.0,0.0,0.0
16112627,0.0,0.0,0.0,0.0,0.0,0.0
16112626,0.0,0.0,0.0,0.0,0.0,0.0
16112625,0.0,0.0,0.0,0.0,0.0,0.0
16112624,0.0,0.0,0.0,0.0,0.0,0.0
16112623,0.0,0.0,0.0,0.0,0.0,0.0
16112622,0.0,0.0,0.0,0.0,0.0,0.0
16112621,0.0,0.0,0.0,0.0,0.0,0.0
16112620,0.0,0.0,0.0,0.0,0.0,0.0
16112619,0.0,0.0,0.0,0.0,0.0,0.0
16112618,0.0,0.0,0.0,0.0,0.0,0.0
16112617,0.0,0.0,0.0,0.0,0.0,0.0
16112616,0.0,0.0,0.0,0.0,0.0,0.0
16112615,0.0,0.0,0.0,0.0,0.0,0.0
16112614,0.0,0.0,0.0,0.0,0.0,0.0
16112613,0.0,0.0,0.0,0.0,0.0,0.0
16112612,0.0,0.0,0.0,0.0,0.0,0.0
16112611,0.0,0.0,0.0,0.0,0.0,0.0
16112610,0.0,0.0,0.0,0.0,0.0,0.0
16112609,0.0,0.0,0.0,0.0,0.0,0.0
16112608,0.0,0.0,0.0,0.0,0.0,0.0
16112607,0.0,0.0,0.0,0.0,0.0,0.0
16112606,0.0,0.0,0.0,0.0,0.0,0.0
16112605,0.0,0.0,0.0,0.0,0.0,0.0
16112604,0.0,0.0,0.0,0.0,0.0,0.0
16112603,0.0,0.0,0.0,0.0,0.0,0.0
16112602,0.0,0.0,0.0,0.0,0.0,0.0
16112601,0.0,0.0,0.0,0.0,0.0,0.0
16112600,0.0,0.0,0.0,0.0,0.0,0.0
16112599,0.0,0.0,0.0,0.0,0.0,0.0
16112598,0.0,0.0,0.0,0.0,0.0,0.0
16112597,0.0,0.0,0.0,0.0,0.0,0.0
16112596,0.0,0.0,0.0,0.0,0.0,0.0
16112595,0.0,0.0,0.0,0.0,0.0,0.0
16112594,0.0,0.0,0.0,0.0,0.0,0.0
16112593,0.0,0.0,0.0,0.0,0.0,0.0
16112592,0.0,0.0,0.0,0.0,0.0,0.0
16112591,0.0,0.0,0.0,0.0,0.0,0.0
16112590,0.0,0.0,0.0,0.0,0.0,0.0
16112589,0.0,0.0,0.0,0.0,0.0,0.0
16112588,0.0,0.0,0.0,0.0,0.0,0.0
16112587,0.0,0.0,0.0,0.0,0.0,0.0
16112586,0.0,0.0,0.0,0.0,0.0,0.0
16112585,0.0,0.0,0.0,0.0,0.0,0.0
16112584,0.0,0.0,0.0,0.0,0.0,0.0
16112583,0.0,0.0,0.0,0.0,0.0,0.0
16112582,0.0,0.0,0.0,0.0,0.0,0.0
16112581,0.0,0.0,0.0,0.0,0.0,0.0
16112580,0.0,0.0,0.0,0.0,0.0,0.0
16112579,0.0,0.0,0.0,0.0,0.0,0.0
16112578,0.0,0.0,0.0,0.0,0.0,0.0
16112577,0.0,0.0,0.0,0.0,0.0,0.0
16112576,0.0,0.0,0.0,0.0,0.0,0.0
16112575,0.0,0.0,0.0,0.0,0.0,0.0
16112574,0.0,0.0,0.0,0.0,0.0,0.0
16112573,0.0,0.0,0.0,0.0,0.0,0.0
16112572,0.0,0.0,0.0,0.0,0.0,0.0
16112571,0.0,0.0,0.0,0.0,0.0,0.0
16112570,0.0,0.0,0.0,0.0,0.0,0.0
16112569,0.0,0.0,0.0,0.0,0.0,0.0
16112568,0.0,0.0,0.0,0.0,0.0,0.0
16112567,0.0,0.0,0.0,0.0,0.0,0.0
16112566,0.0,0.0,0.0,0.0,0.0,0.0
16112565,0.0,0.0,0.0,0.0,0.0,0.0
16112564,0.0,0.0,0.0,0.0,0.0,0.0
16112563,0.0,0.0,0.0,0.0,0.0,0.0
16112562,0.0,0.0,0.0,0.0,0.0,0.0
16112561,0.0,0.0,0.0,0.0,0.0,0.0
16112560,0.0,0.0,0.0,0.0,0.0,0.0
16112559,0.0,0.0,0.0,0.0,0.0,0.0
16112558,0.0,0.0,0.0,0.0,0.0,0.0
16112557,0.0,0.0,0.0,0.0,0.0,0.0
16112556,0.0,0.0,0.0,0.0,0.0,0.0
16112555,0.0,0.0,0.0,0.0,0.0,0.0
16112554,0.0,0.0,0.0,0.0,0.0,0.0
16112553,0.0,0.0,0.0,0.0,0.0,0.0
16112552,0.0,0.0,0.0,0.0,0.0,0.0
16112551,0.0,0.0,0.0,0.0,0.0,0.0
16112550,0.0,0.0,0.0,0.0,0.0,0.0
16112549,0.0,0.0,0.0,0.0,0.0,0.0
16112548,0.0,0.0,0.0,0.0,0.0,0.0
16112547,0.0,0.0,0.0,0.0,0.0,0.0
16112546,0.0,0.0,0.0,0.0,0.0,0.0
16112545,0.0,0.0,0.0,0.0,0.0,0.0
16112544,0.0,0.0,0.0,0.0,0.0,0.0
16112543,0.0,0.0,0.0,0.0,0.0,0.0
16112542,0.0,0.0,0.0,0.0,0.0,0.0
16112541,0.0,0.0,0.0,0.0,0.0,0.0
16112540,0.0,0.0,0.0,0.0,0.0,0.0
16112539,0.0,0.0,0.0,0.0,0.0,0.0
16112538,0.0,0.0,0.0,0.0,0.0,0.0
16112537,0.0,0.0,0.0,0.0,0.0,0.0
16112536,0.0,0.0,0.0,0.0,0.0,0.0
16112535,0.0,0.0,0.0,0.0,0.0,0.0
16112534,0.0,0.0,0.0,0.0,0.0,0.0
16112533,0.0,0.0,0.0,0.0,0.0,0.0
16112532,0.0,0.0,0.0,0.0,0.0,0.0
16112531,0.0,0.0,0.0,0.0,0.0,0.0
16112530,0.0,0.0,0.0,0.0,0.0,0.0
16112529,0.0,0.0,0.0,0.0,0.0,0.0
16112528,0.0,0.0,0.0,0.0,0.0,0.0
16112527,0.0,0.0,0.0,0.0,0.0,0.0
16112526,0.0,0.0,0.0,0.0,0.0,0.0
16112525,0.0,0.0,0.0,0.0,0.0,0.0
16112524,0.0,0.0,0.0,0.0,0.0,0.0
16112523,0.0,0.0,0.0,0.0,0.0,0.0
16112522,0.0,0.0,0.0,0.0,0.0,0.0
16112521,0.0,0.0,0.0,0.0,0.0,0.0
16112520,0.0,0.0,0.0,0.0,0.0,0.0
16112519,0.0,0.0,0.0,0.0,0.0,0.0
16112518,0.0,0.0,0.0,0.0,0.0,0.0
16112517,0.0,0.0,0.0,0.0,0.0,0.0
16112516,0.0,0.0,0.0,0.0,0.0,0.0
16112515,0.0,0.0,0.0,0.0,0.0,0.0
16112514,0.0,0.0,0.0,0.0,0.0,0.0
16112513,0.0,0.0,0.0,0.0,0.0,0.0
16112512,0.0,0.0,0.0,0.0,0.0,0.0
16112511,0.0,0.0,0.0,0.0,0.0,0.0
16112510,0.0,0.0,0.0,0.0,0.0,0.0
16112509,0.0,0.0,0.0,0.0,0.0,0.0
16112508,0.0,0.0,0.0,0.0,0.0,0.0
16112507,0.0,0.0,0.0,0.0,0.0,0.0
16112506,0.0,0.0,0.0,0.0,0.0,0.0
16112505,0.0,0.0,0.0,0.0,0.0,0.0
16112504,0.0,0.0,0.0,0.0,0.0,0.0
16112503,0.0,0.0,0.0,0.0,0.0,0.0
16112502,0.0,0.0,0.0,0.0,0.0,0.0
16112501,0.0,0.0,0.0,0.0,0.0,0.0
16112500,0.0,0.0,0.0,0.0,0.0,0.0
16112499,0.0,0.0,0.0,0.0,0.0,0.0
16112498,0.0,0.0,0.0,0.0,0.0,0.0
16112497,0.0,0.0,0.0,0.0,0.0,0.0
16112496,0.0,0.0,0.0,0.0,0.0,0.0
16112495,0.0,0.0,0.0,0.0,0.0,0.0
16112494,0.0,0.0,0.0,0.0,0.0,0.0
16112493,0.0,0.0,0.0,0.0,0.0,0.0
16112492,0.0,0.0,0.0,0.0,0.0,0.0
16112491,0.0,0.0,0.0,0.0,0.0,0.0
16112490,0.0,0.0,0.0,0.0,0.0,0.0
16112489,0.0,0.0,0.0,0.0,0.0,0.0
16112488,0.0,0.0,0.0,0.0,0.0,0.0
16112487,0.0,0.0,0.0,0.0,0.0,0.0
16112486,0.0,0.0,0.0,0.0,0.0,0.0
16112485,0.0,0.0,0.0,0.0,0.0,0.0
16112484,0.0,0.0,0.0,0.0,0.0,0.0
16112483,0.0,0.0,0.0,0.0,0.0,0.0
16112482,0.0,0.0,0.0,0.0,0.0,0.0
16112481,0.0,0.0,0.0,0.0,0.0,0.0
16112480,0.0,0.0,0.0,0.0,0.0,0.0
16112479,0.0,0.0,0.0,0.0,0.0,0.0
16112478,0.0,0.0,0.0,0.0,0.0,0.0
16112477,0.0,0.0,0.0,0.0,0.0,0.0
16112476,0.0,0.0,0.0,0.0,0.0,0.0
16112475,0.0,0.0,0.0,0.0,0.0,0.0
16112474,0.0,0.0,0.0,0.0,0.0,0.0
16112473,0.0,0.0,0.0,0.0,0.0,0.0
16112472,0.0,0.0,0.0,0.0,0.0,0.0
16112471,0.0,0.0,0.0,0.0,0.0,0.0
16112470,0.0,0.0,0.0,0.0,0.0,0.0
16112469,0.0,0.0,0.0,0.0,0.0,0.0
16112468,0.0,0.0,0.0,0.0,0.0,0.0
16112467,0.0,0.0,0.0,0.0,0.0,0.0
16112466,0.0,0.0,0.0,0.0,0.0,0.0
16112465,0.0,0.0,0.0,0.0,0.0,0.0
16112464,0.0,0.0,0.0,0.0,0.0,0.0
16112463,0.0,0.0,0.0,0.0,0.0,0.0
16112462,0.0,0.0,0.0,0.0,0.0,0.0
16112461,0.0,0.0,0.0,0.0,0.0,0.0
16112460,0.0,0.0,0.0,0.0,0.0,0.0
16112459,0.0,0.0,0.0,0.0,0.0,0.0
16112458,0.0,0.0,0.0,0.0,0.0,0.0
16112457,0.0,0.0,0.0,0.0,0.0,0.0
16112456,0.0,0.0,0.0,0.0,0.0,0.0
16112455,0.0,0.0,0.0,0.0,0.0,0.0
16112454,0.0,0.0,0.0,0.0,0.0,0.0
16112453,0.0,0.0,0.0,0.0,0.0,0.0
16112452,0.0,0.0,0.0,0.0,0.0,0.0
16112451,0.0,0.0,0.0,0.0,0.0,0.0
16112450,0.0,0.0,0.0,0.0,0.0,0.0
16112449,0.0,0.0,0.0,0.0,0.0,0.0
16112448,0.0,0.0,0.0,0.0,0.0,0.0
16112447,0.0,0.0,0.0,0.0,0.0,0.0
16112446,0.0,0.0,0.0,0.0,0.0,0.0
16112445,0.0,0.0,0.0,0.0,0.0,0.0
16112444,0.0,0.0,0.0,0.0,0.0,0.0
16112443,0.0,0.0,0.0,0.0,0.0,0.0
16112442,0.0,0.0,0.0,0.0,0.0,0.0
16112441,0.0,0.0,0.0,0.0,0.0,0.0
16112440,0.0,0.0,0.0,0.0,0.0,0.0
16112439,0.0,0.0,0.0,0.0,0.0,0.0
16112438,0.0,0.0,0.0,0.0,0.0,0.0
