,Unnamed: 0,hash,nonce,transaction_index,from_address,to_address,value,gas,gas_price,input,receipt_cumulative_gas_used,receipt_gas_used,receipt_contract_address,receipt_root,receipt_status,block_timestamp,block_number,block_hash,max_fee_per_gas,max_priority_fee_per_gas,transaction_type,receipt_effective_gas_price
3998,3998,0x0312e0053405bd0070dde1b144f714114aff80d978224078c1ec461b65202828,125,46,0xcb7329e0b62f79634c0e8ead7ce46108564f2f0b,0x90e7a24db5b75892b8129c72478a43540f1b5dc3,4.9333138e+16,21000,10966087327,0x,3916288,21000,,,1,2022-11-27 18:22:59+00:00,16063087,0xf74ad4af0d677451a95a50298ab38303c1e1748c619477527477baa11cd6767a,15433387597.0,1500000000.0,2,10966087327
7948,7948,0xb723d9954b115bc330b2604eddf5602c0c804f0c4c5dc7116a5791d18401c2ba,161,63,0x9e56fd276ef98320e096f3678fccee2b8c6190bf,0xc3f78abf9184256f7aa9849f8dbdc405e174d68a,6000000000000000.0,21000,10732017279,0x,5294114,21000,,,1,2022-11-27 18:16:59+00:00,16063057,0x4828d10bb421e1b3050be32501839b67359d5463f00aae480a4ab3d2578872b5,14088132851.0,1500000000.0,2,10732017279
8032,8032,0xdb85791a9f3058f3b19eac5ad82adbb786c63b694c4253a2f45448396f2d5995,109174,114,0x80c67432656d59144ceff962e8faf8926599bcf8,0x24ea1ada20c69455b1f9b2627dd34b03c4beb475,4990000000000067.0,100000,10324542852,0x,11714979,21000,,,1,2022-11-27 18:16:47+00:00,16063056,0x58b2091a4f27ec5ab8d20bd580ed8459b02fdf6866266654205bd2fb8850d893,180000000000.0,1000000000.0,2,10324542852
10111,10111,0x9a6bac4c3c7c37cb1b311f750a53334b44c7bf907bf29d8a811e11d1ca48bce8,49198,32,0xcc9557f04633d82fb6a1741dcec96986cd8689ae,0x525649abcc48973170a78341963e9c47e983ead9,4.36946540057544e+17,21000,11097193001,0x,3343954,21000,,,1,2022-11-27 18:13:47+00:00,16063041,0x56650f2b60e7f99de00e4a5371173106a5741b0a04c7f4e23cb96f93dc38cd66,19684046934.0,2500000000.0,2,11097193001
11017,11017,0xae7c33f16d87ea674561d73a4874637ee4186afec6e91920bffd8d106711d861,6545,1,0xf51cd688b8744b1bfd2fba70d050de85ec4fb9fb,0x455df653ac689ec3b32491a5a60a2d14c5f9099d,1.33e+17,210000,31000000000,0x,42000,21000,,,1,2022-11-27 18:12:35+00:00,16063035,0xdb1a449ea1c6a65e221e4734832e00deeb52809a9676677165f570d46ffdb9c1,,,0,31000000000
11135,11135,0x788d82836bec925f61ad6b26ff699c053d1810e79381f7cd24ad9085a94c85f9,426,68,0x86cc3d5fb2b04674824ee3f19202edda1afb2253,0x86cc3d5fb2b04674824ee3f19202edda1afb2253,0.0,46040,10970085199,0x,6174589,21000,,,1,2022-11-27 18:12:23+00:00,16063034,0x4f99e28ff8c7b8bdc7cd9a5c0a791a81326e59d1240eb93e653d765560201a5f,15583827994.0,1650000000.0,2,10970085199
11191,11191,0xd5b7008478302a01fb2c7059680ad8a19ef5b2a064ca942aeed4afc039fcdea5,425,67,0x86cc3d5fb2b04674824ee3f19202edda1afb2253,0x86cc3d5fb2b04674824ee3f19202edda1afb2253,0.0,125464,10970085199,0x,6153589,21000,,,1,2022-11-27 18:12:23+00:00,16063034,0x4f99e28ff8c7b8bdc7cd9a5c0a791a81326e59d1240eb93e653d765560201a5f,14046912704.0,1650000000.0,2,10970085199
11222,11222,0x198399e6518bddb699083f63c655f41b79f5d329d565d18ce6788b02ff6d7cea,427,69,0x86cc3d5fb2b04674824ee3f19202edda1afb2253,0x86cc3d5fb2b04674824ee3f19202edda1afb2253,0.0,125464,10820085199,0x,6195589,21000,,,1,2022-11-27 18:12:23+00:00,16063034,0x4f99e28ff8c7b8bdc7cd9a5c0a791a81326e59d1240eb93e653d765560201a5f,22000000000.0,1500000000.0,2,10820085199
11230,11230,0x02ec73cf3aaf4976efc350adf7bcfe11bc21dd314e95394359dcc02901f4c23f,424,66,0x86cc3d5fb2b04674824ee3f19202edda1afb2253,0x86cc3d5fb2b04674824ee3f19202edda1afb2253,0.0,125444,10970085199,0x,6132589,21000,,,1,2022-11-27 18:12:23+00:00,16063034,0x4f99e28ff8c7b8bdc7cd9a5c0a791a81326e59d1240eb93e653d765560201a5f,13938940248.0,1650000000.0,2,10970085199
12086,12086,0x0fa5e97bed911287471ec7dccaf552337b8d6ea41ff2379a5d88b486c9bd05c0,423,46,0x86cc3d5fb2b04674824ee3f19202edda1afb2253,0x86cc3d5fb2b04674824ee3f19202edda1afb2253,0.0,125464,10496089169,0x,2369603,21000,,,1,2022-11-27 18:11:11+00:00,16063028,0x485a4ed09d3adf450411449b647179c55463e27fcf8fa97893576302e35b0bcb,13645536729.0,1650000000.0,2,10496089169
12159,12159,0xdb1865d0d41501a3f9c44c223feff0242e990a05e3ff8d8f48b62582be99246e,422,45,0x86cc3d5fb2b04674824ee3f19202edda1afb2253,0x86cc3d5fb2b04674824ee3f19202edda1afb2253,0.0,125444,10496089169,0x,2348603,21000,,,1,2022-11-27 18:11:11+00:00,16063028,0x485a4ed09d3adf450411449b647179c55463e27fcf8fa97893576302e35b0bcb,13645536729.0,1650000000.0,2,10496089169
12598,12598,0x74e7624e6ecdf3299c1dc62b03a0c70f1db8c8f4f941c4fbe67fbe5180829658,421,57,0x86cc3d5fb2b04674824ee3f19202edda1afb2253,0x86cc3d5fb2b04674824ee3f19202edda1afb2253,0.0,125444,10914299256,0x,3310462,21000,,,1,2022-11-27 18:10:23+00:00,16063024,0xbef607d7e9cf86ea4e880b35f558d7f979c28df09cc4cdc4eaf59ad1b2e6a0f6,14503148389.0,1650000000.0,2,10914299256
14777,14777,0xa2a4e880aec17fd19488119258d175a5284b3ba3bab2b1fe47a2b0aec1e6313c,49196,17,0xcc9557f04633d82fb6a1741dcec96986cd8689ae,0x4aebd3f8f45c98256b03028381bc6029548ce2c5,4.36623764869664e+17,21000,12215233906,0x,1470887,21000,,,1,2022-11-27 18:07:23+00:00,16063009,0x7e7ed5091f431e9459962f069f64f8ef4b12ada79fba2f575df4711f5253b0bb,22336132504.0,2500000000.0,2,12215233906
16176,16176,0x437d89b3ec0662f52f3e3d2be4248b16a6171508d824c4da454caca9154e0485,5500,21,0xcbffcb2c38ecd19468d366d392ac0c1dc7f04bb6,0x3b9b7a5953e9c4cd9cdc52122fce49400b5ac146,4.4e+17,210000,32000000000,0x,2439096,21000,,,1,2022-11-27 18:05:35+00:00,16063000,0x2393235a6c4a67d2e361f4e2e010fc6c8bf79ccad90caa99c7a9482dae8d7866,,,0,32000000000
16190,16190,0xf14b11750d114858a218597e7e2397c2e4c4640428000f2d33d0eab2b7e363ff,316360,30,0x8216874887415e2650d12d53ff53516f04a74fd7,0x0b3820f9e8252f9b5b4f8d804b017ce9464446c1,8.15e+16,21000,12201316396,0x,2908374,21000,,,1,2022-11-27 18:05:35+00:00,16063000,0x2393235a6c4a67d2e361f4e2e010fc6c8bf79ccad90caa99c7a9482dae8d7866,36909292117.0,2919000000.0,2,12201316396
16625,16625,0xc0dae4393ea987808ae42402612b578751ed5a39356adcdd00127ffe2a86b846,5498,28,0xcbffcb2c38ecd19468d366d392ac0c1dc7f04bb6,0xb9f9f49ed1cc576a7bae7c5af1e826fd584c1306,2.2391e+17,210000,32000000000,0x,7411626,21000,,,1,2022-11-27 18:04:59+00:00,16062997,0x99e86d98945e3dc3f7074bd9390a01034105d6b55b3ef21660a95eb53094bc7d,,,0,32000000000
19628,19628,0x38cecfb8176dd7118dde510bf80c8bf82e887f9c963cb8f5e6882350f417130a,49194,32,0xcc9557f04633d82fb6a1741dcec96986cd8689ae,0x82de858b714b8113750d7f3ffc57cb33cb18ce38,4.3544793504932e+17,21000,12108231018,0x,2696499,21000,,,1,2022-11-27 18:01:11+00:00,16062978,0x82a124647cfb75fde88322fc5d8689c8a17cc8b42b0d1e7362cafec8860cefb1,22048392270.0,2500000000.0,2,12108231018
22001,22001,0x19b97f3c5fd19e2d1b4e3e6a67cf32d05255cf03a7cd5733ebc2c688c91ec8d1,5477,2,0xcbffcb2c38ecd19468d366d392ac0c1dc7f04bb6,0x83ef0d289f3919ca725e54e5490c722e3056a9ba,2.2677e+17,210000,31000000000,0x,264469,21000,,,1,2022-11-27 17:58:23+00:00,16062964,0x96b353a551991f3e0f0beb29f25e2223314fc34f134f9b1e88d429580ce96878,,,0,31000000000
24905,24905,0x8572435269a1103d77f130b683a122515fba4bf61b407c614b3a26159dec0f2e,49190,24,0xcc9557f04633d82fb6a1741dcec96986cd8689ae,0x305d6a849c7d7d4c8a137f5323aa77496610c317,4.440341060352e+17,21000,11938673037,0x,1986587,21000,,,1,2022-11-27 17:54:23+00:00,16062945,0x9eb0c0e1595c71d1894d97fe7c78016fa91440dc4b6ec421aa419afbb2de0b65,20236172922.0,2500000000.0,2,11938673037
26788,26788,0xc37cca3eb23b8ca81b008603ebcfcdd03d54ff1ae6a686aa04f390b741d2cac7,109156,110,0x80c67432656d59144ceff962e8faf8926599bcf8,0x22f3da334cc8d5cb276afbe1f6ecb66912f9e42a,7.2757e+16,100000,9586023252,0x,7252253,21000,,,1,2022-11-27 17:51:47+00:00,16062932,0xf2496dbfb96d26a05171c481cfa8a146911c6570adde7cc4f1e00dbab4a1ad9a,85000000000.0,1000000000.0,2,9586023252
27188,27188,0x7e5bbe8ea782b0e555786733056f484da734e150a71338cf819724c8663cab58,109154,197,0x80c67432656d59144ceff962e8faf8926599bcf8,0x73b40c4edab6062f083ec4d88c9f293744d6acf7,8459000000000042.0,100000,10040341050,0x,16862772,21000,,,1,2022-11-27 17:51:11+00:00,16062929,0x5aef06abaae14e0908d96122f82dd5d5921fdbb1175a41c8408e28357061e55e,180000000000.0,1000000000.0,2,10040341050
29078,29078,0x8892cc81ebe53049e9e7642d753cf5e359906df03e1dbe12fe2cb44d9df8ee32,49188,40,0xcc9557f04633d82fb6a1741dcec96986cd8689ae,0x6cf45d6bb9fa619e7460f368ed36e886449736fa,4.3668898764608e+17,21000,11507586329,0x,2337560,21000,,,1,2022-11-27 17:48:35+00:00,16062916,0x542b13e71031573589306260da474887d87903b43d2764450f67f1e4217675d4,21545159482.0,2500000000.0,2,11507586329
29140,29140,0xc1a4545c5d024cca70a2a6cf0d921f5a0684f063a2dd77c5148a3f43da8bd01e,7520,1,0xf7858da8a6617f7c6d0ff2bcafdb6d2eedf64840,0x18a0df50c38b5e630416b5bb323d0c67d8a644eb,2e+16,210000,31000000000,0x,94205,21000,,,1,2022-11-27 17:48:35+00:00,16062916,0x542b13e71031573589306260da474887d87903b43d2764450f67f1e4217675d4,,,0,31000000000
35235,35235,0x590f7d2c95f9cd3e7ca0330ad24e00925b2aff97a643f5e2cb0c129733135995,49183,13,0xcc9557f04633d82fb6a1741dcec96986cd8689ae,0x3b255108c49f90a441c13c28fdcdcce64c4f35f9,4.36649087524072e+17,21000,12206013431,0x,785285,21000,,,1,2022-11-27 17:39:59+00:00,16062873,0x8bd3c857575f804ac444386972d41e9983bb8bde14018a5427736732b31d12b5,19758383912.0,2500000000.0,2,12206013431
35284,35284,0x8527ff5e086515960bd6508ca92c54a815375f5d0ab38230c6b72c63f747a35f,324480,5,0xcac725bef4f114f728cbcfd744a731c2a463c3fc,0x7423ecba859683f37f6286211a27e3e175a5649f,4.2648937e+17,90000,20000000000,0x,204888,21000,,,1,2022-11-27 17:39:59+00:00,16062873,0x8bd3c857575f804ac444386972d41e9983bb8bde14018a5427736732b31d12b5,,,0,20000000000
40104,40104,0x90633482e4f60bb6893b4f6ce70d7abf863970af6a86a0f3ec9fc612fdea7154,59,82,0x567302b63d86ad57aa2ad47b6b08511a92c425e9,0x30c53d45ca0cf73a7dc17cea4fa535937cf09980,5e+17,21000,10990020235,0x,4361872,21000,,,1,2022-11-27 17:32:59+00:00,16062838,0xf44e1006ca422ef4a10af4c4fc89b29eedd04d78d552f955b599257d1de14ad3,13469093800.0,1500000000.0,2,10990020235
41379,41379,0x2a7f534a3e98ee2a4071af981bc3d59b6b89173a5bd5f93141acf04026d3f2fd,109130,116,0x80c67432656d59144ceff962e8faf8926599bcf8,0xbe3c90d34b757587c62852dcd57f7c8e1bc5547c,6.308040000000003e+17,100000,9818623748,0x,8936218,21000,,,1,2022-11-27 17:30:59+00:00,16062828,0x97602fa63b034270ed5007cc516366f4017f24e7e103fae4ae266cd76493d03a,180000000000.0,1000000000.0,2,9818623748
41473,41473,0x867ff563fadd8d5e1f0e4bc360fad330ba2fb6d5c22936a017b5fac604e89742,49177,28,0xcc9557f04633d82fb6a1741dcec96986cd8689ae,0x65a791931cfda2f2d4fcfdc8922091eedb4bc1dc,4.565497858532e+17,21000,11743246797,0x,897015,21000,,,1,2022-11-27 17:30:47+00:00,16062827,0xddd5a0524d1e92d6dddce386bd4130462dd3383ccdd998a0c0692ad70e3fe18a,20415777832.0,2500000000.0,2,11743246797
41769,41769,0xa6a375d12528cdbb41689bca487fd271fab0eb6e3bcdddd4ddd5b32fd07658c1,5193547,49,0x28c6c06298d514db089934071355e5743bf21d60,0x33610cad9b284bec9c8c8304a14cfe52039b7538,2.9232e+16,207128,10957888916,0x,2039244,21000,,,1,2022-11-27 17:30:35+00:00,16062826,0xabaddabdda8710f5a23aeec8fc2ac9c2e1bb6124b8abeba61ad10e7da389b9ba,102000000000.0,2000000000.0,2,10957888916
42309,42309,0xd5c6235d5411b0d6e077fd79247e52b62fcdfe1d05e3cd8d4822f2291f49ba4a,7478,14,0xf7858da8a6617f7c6d0ff2bcafdb6d2eedf64840,0xd5c73624b32bf0898af26d1b4f040c8ceded9b81,2.2e+17,210000,32000000000,0x,1039124,21000,,,1,2022-11-27 17:29:47+00:00,16062822,0xe1655f69edcc24442d2dde0bd8bf35b4b2189c054b43c9484f36ea2181eb045f,,,0,32000000000
42382,42382,0xbb3544120f0580ccd15f554f6460e279a67c41386cc54b7d9b3d2b242e03d8f5,109127,85,0x80c67432656d59144ceff962e8faf8926599bcf8,0x780dce81ad181e2ef8f35561f17cefb77b5a0c5a,1.0196e+17,100000,11284236313,0x,6149701,21000,,,1,2022-11-27 17:29:35+00:00,16062821,0x8d8c046243febc95ab2b4da5dbde4f146a7f3a1745306ac4a099148d5bfab48d,180000000000.0,1000000000.0,2,11284236313
42457,42457,0x844bf79ca7dbee2407ff69fbf6437b81bb071e0af1fcfca38d1bc52fba2ecfaa,7477,4,0xf7858da8a6617f7c6d0ff2bcafdb6d2eedf64840,0x040d5a87ec7e675201e38846966d0afe3b1e07f9,1e+16,210000,32000000000,0x,334981,21000,,,1,2022-11-27 17:29:35+00:00,16062821,0x8d8c046243febc95ab2b4da5dbde4f146a7f3a1745306ac4a099148d5bfab48d,,,0,32000000000
42794,42794,0x04e97a6d01bcf0a9839d4a13e69745f34bb943bb150867573960867727aba1bd,49176,30,0xcc9557f04633d82fb6a1741dcec96986cd8689ae,0x2134438ee2b88d31085d4566c24161d7f7d54f32,4.26256054319304e+17,21000,12322045016,0x,2338936,21000,,,1,2022-11-27 17:28:59+00:00,16062818,0x44d3f850ff36f36279311432521220117e69a2aa05f98913ca3b093be1d44fd8,21840044706.0,2500000000.0,2,12322045016
43356,43356,0xf54bf313be5b79512c974cf64fc8842ba9c83c7d084b88f6ac7699ca176e4e0c,1,37,0x3988710c69530b9ace8ed7292ca2e0989e0085d9,0x5cf4fb4b0dc416d19aab13b804d2eae80bc14536,561833045790124.0,21000,13243990580,0x,3024277,21000,,,1,2022-11-27 17:28:11+00:00,16062814,0x01cf20983bfa0aba86633b3fa056033c072486132dd939cc3a5c5b49b4f80020,13243990580.0,13243990580.0,2,13243990580
44046,44046,0x028a81a11288b81e7521c1bfdc7308388d961e5cbdcff5ddf5b794850fbefd08,7469,12,0xf7858da8a6617f7c6d0ff2bcafdb6d2eedf64840,0x724d3aa8736184b258a633ab52c3f6e8ea2cc9c1,2.3e+17,210000,34500000000,0x,1094864,21000,,,1,2022-11-27 17:27:11+00:00,16062809,0x949fd8352df16f8b478214bc76d31229b850a17edf97b1f44a2984fc3c42e067,,,0,34500000000
50117,50117,0x1aeffa169df3baf0694a48ecb03ef41774ea96e8c66fb95bd5eb57f3a78aaccd,1926460,52,0x4976a4a02f38326660d17bf34b431dc6e2eb2327,0x44291dfba28b9ab6f615bf1372fe1c4c09bf7a42,2.9232e+16,207128,20895385372,0x,4341991,21000,,,1,2022-11-27 17:18:11+00:00,16062766,0xeecc0bd4521af701e5e11738e4c51dc3f1d077472f1ffac4ebb169b174c5d082,102000000000.0,2000000000.0,2,20895385372
50137,50137,0xd795698b3a6fe3090b9a74dd15e3d6d1b0d3bf61a3d0c1f1c599245eea39f623,3855002,53,0x56eddb7aa87536c09ccc2793473599fd21a8b17f,0xa28a0663fea536337e2ae59e1278b87cf10e9b2f,1.4232e+16,207128,20895385372,0x,4362991,21000,,,1,2022-11-27 17:18:11+00:00,16062766,0xeecc0bd4521af701e5e11738e4c51dc3f1d077472f1ffac4ebb169b174c5d082,102000000000.0,2000000000.0,2,20895385372
53102,53102,0x9de103d6439a95a0e27428d6875f663c8a2619914c62d85971138cbe948a3633,4938565,133,0x21a31ee1afc51d94c2efccaa2092ad1028285549,0x9f6b08a69155e81d8191b7e74b15f333cdea1996,9032000000000000.0,207128,11657366202,0x,15550919,21000,,,1,2022-11-27 17:14:47+00:00,16062749,0xf8be05abf55135c81ee528eda5a599790c37abdc85a12429b2ff4d95fd9b7814,102000000000.0,2000000000.0,2,11657366202
54956,54956,0xb2722ed0dc5c8559048f96e61764da02cf0c68db8bc7f59c584ee6c483f40bf7,7396,114,0x5872a9e4e57bd8bdbfdb5ee4ef05bf74485714c0,0xbdd95abe8a7694ccd77143376b0fbea183e6a740,9.89844552021366e+16,21000,8779093251,0x,27402177,21000,,,1,2022-11-27 17:11:59+00:00,16062735,0x857280bae384209fdc0db48a8b35dbbd50a11ffaac18e25c8855fdc0810f1f41,14140000000.0,240000000.0,2,8779093251
54987,54987,0xeeaa7715fa682d79e7e254fa388bc23caed7a8d66c93b55cf6d62bbc43f5bbc5,8850,113,0x313b34c5a86a8309b07e9bf6f432f8a50ae4b5cc,0xbdd95abe8a7694ccd77143376b0fbea183e6a740,9.306585896137557e+16,21000,8779093251,0x,27381177,21000,,,1,2022-11-27 17:11:59+00:00,16062735,0x857280bae384209fdc0db48a8b35dbbd50a11ffaac18e25c8855fdc0810f1f41,14140000000.0,240000000.0,2,8779093251
56247,56247,0x31bfdd61ca40a2a03d1e256da5dab0b98a1a664c329e1fbd4046ce94900aab6d,49167,39,0xcc9557f04633d82fb6a1741dcec96986cd8689ae,0xb2495ea94f7f329ca3d91342e0c7422d97ac5a9f,4.56512645595752e+17,21000,11773465277,0x,1974712,21000,,,1,2022-11-27 17:10:11+00:00,16062726,0xbd627bfff036356632d4fd6faefa2241ddca05db3240b1ee3531fd4a3076eec5,21278028622.0,2500000000.0,2,11773465277
57985,57985,0x43b9c51c42222ee979ab072cb20302e38c27d8c473f2dfa8e150ef10942c3398,49165,13,0xcc9557f04633d82fb6a1741dcec96986cd8689ae,0xad693da3aeaea10d10abaa7d410dea613cb3ca61,7.7775091583616e+16,21000,12902190890,0x,1150060,21000,,,1,2022-11-27 17:07:47+00:00,16062714,0x26be4b92a961c346493f5c636b07cc1720776ed8e112ff62b555cb8cb10e388a,24106052576.0,2500000000.0,2,12902190890
61660,61660,0x97aaf1efa23296c32878cbe2beddc9c8aa3fb3f1228ecaa867ce4c6f652a8dbc,6,97,0xfdc6656631d7bfd4bc690340cd18bcc292474fa8,0xdce5521b64447130d773d62eb5e0291299cdd4c6,1.46364868e+18,21000,13185409263,0x,8729925,21000,,,1,2022-11-27 17:02:35+00:00,16062688,0x54399328f32c6d5a6dd18c1f8ff9dcc72ae257520efac16c44e9dcb718416cbc,15658357078.0,1500000000.0,2,13185409263
68359,68359,0x8c8b0155f98fe6a579d673b4e2eef96af793b7c304c8158258b433db03eeca5f,109094,121,0x80c67432656d59144ceff962e8faf8926599bcf8,0x93d89fb5b57913e38ce0e7d9f487a4cab1fff6b4,2.9991000000000006e+17,100000,9787326210,0x,9384812,21000,,,1,2022-11-27 16:54:11+00:00,16062646,0xc22646c9e2897b687c36453527e43793ab37da14b61057519a886dcc73414b0e,180000000000.0,1000000000.0,2,9787326210
68719,68719,0xc7779d115c1f75c40e33f88d77d9a3e769e9e776e32d46ccb8c171bca0c82c93,8467,3,0xbf94f0ac752c739f623c463b5210a7fb2cbb420b,0x9bec7beae1a8ee5168b1f8491d35963f09f9e11e,9.993856e+17,210000,30500000000,0x,332257,21000,,,1,2022-11-27 16:53:35+00:00,16062643,0xa596000c0d010ac8c06283d504fcb10955a81a26c71b063ef1522ba7dccad5e7,,,0,30500000000
68981,68981,0x39949c1d6060a370bab77c70d1fa9eb16518d65e8628b143607a72e47eb7e176,1926387,60,0x4976a4a02f38326660d17bf34b431dc6e2eb2327,0xb9677b7d655919ba51d39ff88e23eff355143564,2.5399232e+19,207128,11179867572,0x,4455860,21000,,,1,2022-11-27 16:53:11+00:00,16062641,0xfb2823e6e2a3098634d1213f5888f94241b8b3ebca6fcef64cfee07667d7f754,102000000000.0,2000000000.0,2,11179867572
70931,70931,0x2d872bed4457e51d4cce6bfa4292abd618298fa30c00a8ee706eb1d8b5f073ae,109086,118,0x80c67432656d59144ceff962e8faf8926599bcf8,0x09ab7de0ca2b3096c2b67d620ac05e99aa09b1ad,3.249e+17,100000,9590883509,0x,9626436,21000,,,1,2022-11-27 16:50:11+00:00,16062626,0x62ddc83912e5ac0c1fad73a9c24653312c56866b25d2c4da616783bcb5253158,180000000000.0,1000000000.0,2,9590883509
71691,71691,0xadcf31cb1260fdbf88795496a4ba7c80b238a451f1b048722eb7d4e086bba465,49151,24,0xcc9557f04633d82fb6a1741dcec96986cd8689ae,0x8b39528ea0cf62224eb20662449172715ffc50b8,1.11169463842392e+17,21000,12195137924,0x,2104983,21000,,,1,2022-11-27 16:48:59+00:00,16062620,0x0db0419af7d28878e860d8e6a211271bb13bf90869526c75d9ea2c740379205e,21880782012.0,2500000000.0,2,12195137924
71830,71830,0x2a741b7b80abb56a8ffb5137088fbaeb447ce26af8c3ec5af59f9db4802d3022,49150,14,0xcc9557f04633d82fb6a1741dcec96986cd8689ae,0x3c36705df92f1145a9de9f8be2003eec6efba6ba,1.06756793842392e+17,21000,12190391006,0x,1296289,21000,,,1,2022-11-27 16:48:47+00:00,16062619,0x85438427854c71cf4cc50ca04ddd5589ee5ff3553c31b82346b61930f90efb58,22412216162.0,2500000000.0,2,12190391006
72018,72018,0xead47125ffb6865bf0921604591bafd743a1cb2454fd824b5aacdc7d51110c14,49149,31,0xcc9557f04633d82fb6a1741dcec96986cd8689ae,0x5d6cfb96e4d8b949c32a6cc25e0f862b79854910,1.0666969221536e+17,21000,12456108081,0x,4092198,21000,,,1,2022-11-27 16:48:35+00:00,16062618,0x5bb5367be4b79a0f76df95f6d5d600e46cc7874447b6f8d97234ee13348a4a81,20378306960.0,2500000000.0,2,12456108081
72074,72074,0x42a7e426d3b120963a6e91c95d539d9b1091a0b5cd37cc1a6800c7399331eb3b,49148,25,0xcc9557f04633d82fb6a1741dcec96986cd8689ae,0xb5e0a70357acd3ccd79d0273d68c1329c8db42d2,4.46630446861304e+17,21000,11439153480,0x,1185732,21000,,,1,2022-11-27 16:48:23+00:00,16062617,0xe472b67439d47dd2d2bab89af5738bcc5bd479d9d543db9cd92d25a082c8e228,21066108794.0,2500000000.0,2,11439153480
72149,72149,0x8c4de19b36c1e593d8a31929cc580bc4bb30fa4f0aba35513a19becd313e2b85,200,125,0xc98bc4e02207d7ddd39d3cfbe2d5b87393b30cf8,0x176caa48e5b2d6be10e56a9e602df93ed20f2c1e,1e+17,21000,10611638698,0x,8576382,21000,,,1,2022-11-27 16:48:11+00:00,16062616,0xb48ba14c3e55bce361bd6fc8086b1b02804d12ca7cde81bad8c6d982e357237d,13855888719.0,1500000000.0,2,10611638698
72396,72396,0x15224f7a5ca14ff12a709af7dffd1909f2f767a8356504faa8a50bb257edc3b2,95,91,0x87c904e2c34b4d3d0f137bf527d416e8c212cda5,0x176caa48e5b2d6be10e56a9e602df93ed20f2c1e,1.194315526644842e+17,21000,10783054397,0x,8124777,21000,,,1,2022-11-27 16:47:59+00:00,16062615,0x38cfcb3ae6373f99fea50c109c48d070844d188c478070eee2047500d1f57ba9,13689382867.0,1500000000.0,2,10783054397
73029,73029,0xd660ef6acfea1268fd7e36eabe905508a84fd4a3dcd59f50ed43bf2782535ce7,49147,42,0xcc9557f04633d82fb6a1741dcec96986cd8689ae,0x748c9d05c880432cd0ef5561e32389a925b429d0,1.09046808628144e+17,21000,11340979149,0x,2674173,21000,,,1,2022-11-27 16:47:11+00:00,16062611,0x49c5ea8e603ca6f33814385e1dd0b3798037ab4e488980082cc87181f9cfedaf,19556103896.0,2500000000.0,2,11340979149
73571,73571,0x57358ea185794108696644393068e1a74736560632d2736b6c07361d2add9d71,4709,1,0x4e7b110335511f662fdbb01bf958a7844118c0d4,0x22f3da334cc8d5cb276afbe1f6ecb66912f9e42a,8.404846e+16,210000,30500000000,0x,42000,21000,,,1,2022-11-27 16:46:11+00:00,16062607,0xc6618f7f80259a1319c6e13d4dd438b7630dbc5d921ff6b4bd14cc1c0eb6a200,,,0,30500000000
75910,75910,0x823b2f6be5cd8999c13d56b01971fbc61ac17ea715e26ad2749a892b53c00226,49145,44,0xcc9557f04633d82fb6a1741dcec96986cd8689ae,0x334824141b9d549b5cf76195a9e6e431cc3b6a58,4.4657834219336e+17,21000,11519586350,0x,3661697,21000,,,1,2022-11-27 16:42:47+00:00,16062590,0x9b67324da42238dec71c816f55dda20c03db8a05db4568db8e740286d4c388f6,21686402460.0,2500000000.0,2,11519586350
76088,76088,0x03f0a1b9d6a36f276e2a95273abdd49c30f66143958f4261895ba6f9a75b8034,4697463,31,0xdfd5293d8e347dfe59e90efd55b2956a1343963d,0xea48f1fe453330334eab2e801fa3d6adf0a6c55f,8.5715e+16,207128,11196374385,0x,2479226,21000,,,1,2022-11-27 16:42:35+00:00,16062589,0x293e70da711655a91af6cc73cfb198964cb7d087cd3c9e540008ac67d7bc7a78,102000000000.0,2000000000.0,2,11196374385
77001,77001,0x56eebf386608693d7a40cbf222ce1dd2bb83eba0f611339949588d833e382060,4697454,28,0xdfd5293d8e347dfe59e90efd55b2956a1343963d,0xdd0670c0bdeddca54263e260405864eb6c7778b2,9.4826e+16,207128,10994806421,0x,2487573,21000,,,1,2022-11-27 16:41:23+00:00,16062583,0xe927e357031e5e697e31012fb77cf6d409bdcafb7322b8bf79547a3dda95de12,102000000000.0,2000000000.0,2,10994806421
77905,77905,0x265994d739a0ca04b9b5e540a12795e94f5cd0af8c9e2a4a94e83e6f638ca749,1926354,85,0x4976a4a02f38326660d17bf34b431dc6e2eb2327,0x46fa8941ef0fcc9fb4ae512e73c3d35dd1cad90b,8.7962e+16,207128,11221185740,0x,4880302,21000,,,1,2022-11-27 16:40:11+00:00,16062577,0xa1e77901589005ee180aedd26c8db37aa284e29f879195deef5ba63840251af6,102000000000.0,2000000000.0,2,11221185740
78295,78295,0x70fbd196c2e4068fce6cc6676f58bca108053abf4e91f55ebf687c938eca6531,4938360,45,0x21a31ee1afc51d94c2efccaa2092ad1028285549,0xd56e48e51c8fa684a9b89d441bbe5e7129673363,9.31644e+16,207128,11895454986,0x,2486948,21000,,,1,2022-11-27 16:39:35+00:00,16062574,0x8f078c89229f69de0f2860c9e9f8c4b7766485e1469c7f032654cf68de209eec,102000000000.0,2000000000.0,2,11895454986
78485,78485,0x3938265c3ee14e2c1cc37e7fe90c8d08c50cb6c1f5e010b1f48bab0218ae33b0,4681,2,0x4e7b110335511f662fdbb01bf958a7844118c0d4,0x1acd4ce843f2955a87047a4201f473485a8c51fb,1e+16,210000,32000000000,0x,63000,21000,,,1,2022-11-27 16:39:11+00:00,16062572,0x359d1b7ded62ceb6f5e23a59ce11bc1ed8991e06b1c10402146457fcdc217700,,,0,32000000000
78679,78679,0x4f7352777a87778f90cdab14a0a91c25dcccf2d3b0fd36c5659837754e0abc70,3527502,27,0x9696f59e4d72e237be84ffd425dcad154bf96976,0x6e8906f6fc2aa42f59c9b1bf9e74f6180ff4725c,4.9232e+16,207128,12624582343,0x,3315275,21000,,,1,2022-11-27 16:38:59+00:00,16062571,0xae4699d35e0f1c5573bad0ea0886d02ad2b50f6824b1467f9ea0d1788dd0cd10,102000000000.0,2000000000.0,2,12624582343
78715,78715,0x6370f1591ef4a1a913783c6837c2b2c0772fcbe18a02fd11aea416aad9a15d56,4697438,111,0xdfd5293d8e347dfe59e90efd55b2956a1343963d,0x5a98d8d969bdde604f01ac0545f6ba9fbc9848b3,9.19961e+16,207128,11565769696,0x,8471619,21000,,,1,2022-11-27 16:38:47+00:00,16062570,0xf85fb1fef1eeb090f0d6af1a22f9c75f94e774a90ed77404529adfcc7bc1770f,102000000000.0,2000000000.0,2,11565769696
79082,79082,0x5e2d2c2719de0ed3b3ccd723766691900c62db5594a61b7d312767a6ef779909,249235,31,0xf89d7b9c864f589bbf53a82105107622b35eaa40,0x23886603a22b15cb9f393c5d631470d4279cc6b7,3e+16,90000,13128948308,0x,2344424,21000,,,1,2022-11-27 16:38:23+00:00,16062568,0x75d3498c27c3ffc0bfed3066a53b475e45fe971696c40ca91a08d21e3fdfa60e,200000000000.0,2000000000.0,2,13128948308
79546,79546,0xb6f88b9b74bdd12e42fb9f78a68ee86b56a34546dfc5820cae7dd48dab376791,4697434,60,0xdfd5293d8e347dfe59e90efd55b2956a1343963d,0x28d54ff611c8f613f1ea51ec830d106e55de9965,8.84005e+16,207128,13767819198,0x,4143525,21000,,,1,2022-11-27 16:37:47+00:00,16062565,0x5e5faf040c4bd0f8786a961a2a456004fac9dadbfa2754ef365a077e6b461d50,102000000000.0,2000000000.0,2,13767819198
80373,80373,0x9a21be15b12196476565c3515906203f512f411718a7a8f33228652e089696ff,4697429,50,0xdfd5293d8e347dfe59e90efd55b2956a1343963d,0x0ee0b9dab85d57153bf9d7566e11daa43860eeef,8.881937e+16,207128,12410934758,0x,3393739,21000,,,1,2022-11-27 16:36:35+00:00,16062560,0xfc0266bd89853f6c55013c57e6ce840455834079cc9fa022cb9b5ee45307040c,102000000000.0,2000000000.0,2,12410934758
81387,81387,0x619d913d11036528098bf7591fc52341cc7a431b27d4462346991740146cb8c5,3854812,72,0x56eddb7aa87536c09ccc2793473599fd21a8b17f,0xd458d6cf1b938de1fcb153024ea43a16a282c1b6,9.0655e+16,207128,11961008939,0x,6248975,21000,,,1,2022-11-27 16:35:23+00:00,16062554,0xd0e4fd38c300ef2c3c45c74131f15137838bb04c9e38d46afe01bece3abe14dd,102000000000.0,2000000000.0,2,11961008939
81511,81511,0xfca8877bc73320d719a4313ef04f4ae3ef20cdc8febf436fa71633acddc6d57d,1926342,52,0x4976a4a02f38326660d17bf34b431dc6e2eb2327,0xe36e5ee3271d3d1a291ecfbe414ca529b8a1e969,9.0354e+16,207128,11919869834,0x,4242921,21000,,,1,2022-11-27 16:35:11+00:00,16062553,0x19d1983f98cb0bcb635189fedb5fee87a342ec3f903ce22936fd741d2ad6c4e0,102000000000.0,2000000000.0,2,11919869834
86311,86311,0xc001a9e543c34a757c90dee40f91bfe2f2714febfc2a79b6d8612487eb8f39fb,324467,5,0xcac725bef4f114f728cbcfd744a731c2a463c3fc,0x85dd4fe1122a419e14b07327424c38196065f0e5,1.695264e+17,90000,20000000000,0x,298948,21000,,,1,2022-11-27 16:28:47+00:00,16062521,0xf0e7a3df6970f5d7d464d151ba26940ca9a9dff2ad89ec56e06d97738dc3ca18,,,0,20000000000
87538,87538,0x160f0557d0f491952a701fcbaec1446bf139399af8f6de6ae6bd190694d335d5,5568,4,0x4b4e14a3773ee558b6597070797fd51eb48606e5,0x47fb787b6b2409f44b6d8e98b1917d7dfed129de,1e+16,210000,31000000000,0x,506616,21000,,,1,2022-11-27 16:27:23+00:00,16062514,0x4561a70dc34ec4b2a860b1338ae4faa7551779c73d7798a9b3421fd97e87ab64,,,0,31000000000
88231,88231,0x2567f597224e579cc11ea2b503d686d3510d3d3c11dfc1d2a0a434c0aba8c66b,5564,6,0x4b4e14a3773ee558b6597070797fd51eb48606e5,0xc6bb7daca2795626ccb4143ac610aa9ff42814be,1e+16,210000,32000000000,0x,918851,21000,,,1,2022-11-27 16:26:23+00:00,16062509,0x745365d3f1abc8a68b3811551bf22697ebc24f9bd0b5e35df8582b42ab177969,,,0,32000000000
89278,89278,0x2ebdd86a06ca382a0505ef9714fc8e5f308e6333d0c7169bf065256b3655c517,249214,76,0xf89d7b9c864f589bbf53a82105107622b35eaa40,0xc7c50dd1acf186cfc5db9daba5bfcbd176147e93,2.449e+16,90000,11930967927,0x,3663926,21000,,,1,2022-11-27 16:24:59+00:00,16062502,0xb90842f9419267048c038b2b2de0fe88f18ea1eb3af4c665849965bd70f7d6eb,200000000000.0,2000000000.0,2,11930967927
89705,89705,0x3531f7d3cc378d8b06baf2f85d79aca0cdbbac11b08bf59adffc614b8e290601,235491,0,0x28ffe35688ffffd0659aee2e34778b0ae4e193ad,0x5ffe5d91f97d9f5c031aae09d3d232ccd5276f1b,1.68e+16,90000,20000000000,0x,21000,21000,,,1,2022-11-27 16:24:35+00:00,16062500,0xaaf662acbd2e3bdca3c4338e2f92a94bd32afb94aaa12ec9ccac157deba7bd00,,,0,20000000000
89729,89729,0x4f2439795c4f4ff8852383a5fe1833980d6ceb195f4dcf84f62524aeca1736e7,249213,101,0xf89d7b9c864f589bbf53a82105107622b35eaa40,0x71a0381c426f6e8cde793b3171c971fa798fe881,4.914e+16,90000,11648721823,0x,8384003,21000,,,1,2022-11-27 16:24:23+00:00,16062499,0x48d798d3c5c93e998322928a2c3e2be7fa8e67e5bed5c0dbddcc1193ff51b043,200000000000.0,2000000000.0,2,11648721823
91747,91747,0xa53a1e0fbdba0efeab8cd0881fe2161b9fffad80c1376433b587bd21741bfcc7,60,84,0x18f7a66f19d913e8bd31a2a810a6cc6b9834d8bb,0xdaf442e440cff17c3ed532f813c812e25e412a8c,1e+16,21000,11652804412,0x,5949084,21000,,,1,2022-11-27 16:21:47+00:00,16062486,0xc343b9fb47e62ec16f16b176328ac88da87733d35a2cbf6babeadb2d988f495c,15318375466.0,1500000000.0,2,11652804412
91939,91939,0x94a4ee217e952c1da5a07fa734158797b5d212174055773235d1cdef509024d0,24,63,0xdcef0be5b315c5b7dc00fd971fa0002b8b270d84,0x67a776dd297fe26d730a5c4ca1664781e1fa5268,1.721e+16,21000,11735833678,0x,7268729,21000,,,1,2022-11-27 16:21:23+00:00,16062484,0x668bb46d17df83eff8d17c1d1791d74db37f90eea9fcbaf9e475493c0752cc6a,14710726098.0,1500000000.0,2,11735833678
92747,92747,0x0bb79722f05a78a9167e36410b7d63d37d31863e7f0a8f958b1297b359195fe8,235490,31,0x28ffe35688ffffd0659aee2e34778b0ae4e193ad,0x2e1453818fc98388868f179d2c994afd45762ed2,1.59e+16,90000,20000000000,0x,4760109,21000,,,1,2022-11-27 16:20:11+00:00,16062478,0x2544aff48a6bd52441264aa7d6168a33a1969ac6ecf8da0808d0f2c6bd97185e,,,0,20000000000
93726,93726,0x639367140966180fb1c4232116e8cfe26234d61b2e08cd31b1266f0a5683e048,63,56,0x76d2f711542bb8ec11689425e6d2ca74a046951e,0xc1a296a66975966403fe7a5a6a00507739fbb187,4000000000000000.0,21000,11506605197,0x,6556241,21000,,,1,2022-11-27 16:18:35+00:00,16062470,0x695cfc5984bf59fa17bb5de23ddbd8674b0cb5f930c0e90abc01a77e41789560,15021222349.0,1500000000.0,2,11506605197
94992,94992,0x2ddd52453c9596cd42390e78eeaa239749bd70e7f3d1dc0721d369949e67873f,49133,25,0xcc9557f04633d82fb6a1741dcec96986cd8689ae,0xd0ded463928c776236c0d25fa5d4f39cb2b86721,1.8154832484232e+16,21000,11721553939,0x,8593338,21000,,,1,2022-11-27 16:16:47+00:00,16062461,0xabc4e772d28d3ad99d01b01b981e00e8ea7b27f9b15b01a5465cae7ab361a6d9,21858660902.0,2500000000.0,2,11721553939
96322,96322,0xb1912bd409a122b21ab4971ad7ccdcf32127d50d5f1449013c9a6ed7360b4938,324465,10,0xcac725bef4f114f728cbcfd744a731c2a463c3fc,0x195d4717abcdcf14e88e08651daa56ee0e60ff88,1.88e+16,90000,20000000000,0x,1519922,21000,,,1,2022-11-27 16:14:47+00:00,16062451,0x4ade68a9b055b0d2c11f40a353fda9b12762147050435c6308a3c0c9a7fc84e5,,,0,20000000000
96626,96626,0xe13df9d0fed1fd9ce74f1fe04118bf6cdb8316265245f6ebc9014c7bb0290170,1926280,42,0x4976a4a02f38326660d17bf34b431dc6e2eb2327,0x7fadde0680cdba7d7fddafb7b33538909227a8f5,9890010000000000.0,207128,10953942043,0x,3293596,21000,,,1,2022-11-27 16:14:35+00:00,16062450,0x4af19c2d825f35f048b198a296dbb751a0d815eb7c54eaded93cde04a8b9b8ec,102000000000.0,2000000000.0,2,10953942043
96857,96857,0x13526840d219d497dfb6dddf092e6b515d294be913d64eec4bdfe6555281bb97,6515,41,0xf51cd688b8744b1bfd2fba70d050de85ec4fb9fb,0xbfaf4236a5adf4fefb75a5ade79cf762b890c480,1e+16,210000,32500000000,0x,7020470,21000,,,1,2022-11-27 16:14:23+00:00,16062449,0x2a943a8f627ea4907bb972599224664ddc612427385fb2e9187176347bd51525,,,0,32500000000
98902,98902,0x1f27087bd6bb82e8d33c01cff9a4242961814b7bff4aa49d5efff2248fb7f96f,3854710,50,0x56eddb7aa87536c09ccc2793473599fd21a8b17f,0xa2099743ebf381021acff3bd2271bfb60255548f,1.6686099e+17,207128,12057875024,0x,5587706,21000,,,1,2022-11-27 16:10:59+00:00,16062432,0x7f2b85c11a433dcd3fc6685dd397e711ab673dd3be4e65e9aa52883a24542bbb,102000000000.0,2000000000.0,2,12057875024
99246,99246,0x4275768b0bbc79c3a98be2cd370ceac4c17f094fdc2c3c68edd99e1f6ae10ae5,6696,6,0xc3ae71fe59f5133ba180cbbd76536a70dec23d40,0xfb39ef7dee67c61c6eea15aac42aa69630dfa73b,9.219351e+16,210000,32000000000,0x,644479,21000,,,1,2022-11-27 16:10:35+00:00,16062430,0xbb7ede1d36a106048129d979b26538f1ba56b9ada8fb6eaf10df8bffbb01b1a3,,,0,32000000000
99612,99612,0xf7c37c7b1ecb0e0f54621b3134083ff64108dbf0fb62534779a43d92bec0e31b,4938186,116,0x21a31ee1afc51d94c2efccaa2092ad1028285549,0xa6c3369fe290fa111116584584beff1471377de6,1.7132e+16,207128,11565487048,0x,10972066,21000,,,1,2022-11-27 16:10:11+00:00,16062428,0xc390125f67fdb3152872661c277096a73d559b49590ee9516acb318640f96a44,102000000000.0,2000000000.0,2,11565487048
