block_numbers,out_tx,in_tx,out_value,in_value,unique_receivers,unique_senders
16113072,428011,757349,881306,506454,281305,744832
16113071,842112,353917,528902,322439,624387,45438
16113070,816444,34356,335710,266525,665437,234661
16113069,176957,324071,500988,617350,389997,248793
16113068,892694,410302,608356,57602,620040,940184
16113067,346089,796105,43028,156050,522855,906445
16113066,149852,710864,596094,560333,530102,850320
16113065,577886,885335,654060,543227,73801,146434
16113064,551411,561288,109883,820194,66292,798137
16113063,957015,914144,120199,324031,966590,156991
16113062,623067,641363,867382,11773,747141,166177
16113061,198248,761849,561120,12442,275382,661764
16113060,908641,325773,106811,782676,305169,194613
16113059,314090,256037,227938,882918,791785,469696
16113058,255476,233445,565542,640585,110953,640368
16113057,626574,120262,80201,597767,734379,823717
16113056,670399,766234,338363,220728,480188,197813
16113055,328277,376029,993619,868291,866937,152094
16113054,746421,486731,26619,595607,677645,533141
16113053,844762,81051,48112,760449,324813,747433
16113052,48228,412173,651254,19165,750331,994211
16113051,810190,383428,939376,414298,87057,947362
16113050,621396,366967,115302,436958,155033,699416
16113049,107293,887302,671057,927792,165106,31126
16113048,342656,724246,334288,994982,559924,456901
16113047,278670,613355,71458,370401,861070,365526
16113046,130777,507831,535687,825790,770648,205716
16113045,805502,446225,57079,63695,760934,492066
16113044,296398,777470,8427,770843,31793,850642
16113043,223118,295008,28896,305854,431475,665348
16113042,234015,827114,958918,326023,837501,739632
16113041,197802,812299,207960,223823,341501,584310
16113040,77274,679316,238406,649309,966326,354949
16113039,58689,604240,818632,289935,513198,555588
16113038,627651,819871,428091,694956,971805,228073
16113037,637157,855569,219642,28599,451817,360399
16113036,649092,86867,958096,473921,524884,199404
16113035,315668,156130,739688,324167,332396,200407
16113034,168554,288421,764529,589421,877667,42083
16113033,586131,99424,838756,658413,537377,556934
16113032,827107,733636,398252,59294,570232,811697
16113031,914812,232034,325437,43339,868114,155025
16113030,7044,745465,977860,743293,179761,162174
16113029,342015,747581,404742,189615,823765,706246
16113028,542675,266530,700415,609868,215625,97420
16113027,703217,561423,835374,696229,164004,321399
16113026,301889,281144,666171,290416,462310,355062
16113025,43491,776588,869365,947295,153674,423018
16113024,394382,459209,839754,381093,423894,294084
16113023,255853,931304,421106,996088,609594,78035
16113022,644460,472674,868173,448886,73260,96510
16113021,924877,127255,347102,470040,474984,513886
16113020,785314,289856,694,34831,154460,144468
16113019,222478,441764,902286,267662,181084,254962
16113018,550078,792956,317062,494031,621275,134360
16113017,799069,147591,410223,776675,75190,872421
16113016,946230,651295,857532,642394,131761,695153
16113015,225934,223119,680100,498875,819644,346569
16113014,175637,493800,56569,905766,288148,594532
16113013,431787,197794,165769,198836,56626,568329
16113012,552482,665035,244188,630770,974841,561230
16113011,947100,449458,139005,718212,7069,823937
16113010,129679,114811,793491,938983,508575,219336
16113009,759441,725349,335226,35419,191276,135085
16113008,14818,416873,54521,804777,107992,157337
16113007,834007,465731,113825,466116,765406,973501
16113006,462630,626747,768768,795236,287943,568180
16113005,419606,652007,648001,173502,495527,871078
16113004,436042,500611,532662,7437,16964,12512
16113003,758041,161315,348509,423801,279815,892226
16113002,678822,417861,801737,575082,167604,632389
16113001,729210,80311,612212,411032,188446,622227
16113000,452560,151282,890126,486407,870282,613678
16112999,533528,243620,735714,906040,459726,135619
16112998,582063,895976,886331,614412,343829,878809
16112997,557253,550622,184992,93512,543898,686795
16112996,280893,105883,758189,50032,881074,696327
16112995,104496,659525,698562,960623,735156,434121
16112994,637055,528068,374955,709388,441114,738024
16112993,911331,345087,608394,230914,774628,976755
16112992,924199,818252,199099,810410,837766,316287
16112991,615852,710527,61090,859106,732567,639256
16112990,95701,717748,566327,991843,422270,534599
16112989,42756,335200,136855,733624,178781,779789
16112988,581870,221748,572509,478310,285635,677117
16112987,209836,44799,271267,132363,182738,444349
16112986,91201,525085,365323,140997,184333,676322
16112985,169913,626026,325698,393653,208575,855949
16112984,162387,77993,620297,163027,417365,160769
16112983,510412,846124,783604,127592,897340,329607
16112982,27272,386148,802653,628088,687234,405669
16112981,860877,25084,838196,358036,480072,858319
16112980,344184,211329,641290,68571,366116,588163
16112979,424189,576328,244836,779609,784022,894468
16112978,889786,955681,973953,306970,222971,466317
16112977,220726,86843,208955,387928,744847,634266
16112976,73537,614283,78214,633458,999559,814210
16112975,707227,306098,874303,388704,798396,14816
16112974,661882,713356,383342,337088,632744,747478
16112973,788701,614829,726358,103902,916126,495872
